Price,Front_cam,Primary_cam,battery,OS,storage,ram,core,display,res,brand,Reference,Model,Link
13499,5MP,13MP,5000,Android,32,3,8,6.5,720x1600,samsung,Galaxy A04e (3+32GB),Galaxy A04e,https://www.gadgetbytenepal.com/samsung-galaxy-a04e-price-nepal/
15999,5MP,13MP,5000,Android,32,3,8,6.5,720x1600,samsung,Galaxy A03s (3+32GB),Galaxy A03s,https://www.gadgetbytenepal.com/samsung-galaxy-a03s-price-nepal/
17499,5MP,13MP,5000,Android,64,4,8,6.5,720x1600,samsung,Galaxy A03s (4+64GB),Galaxy A03s,https://www.gadgetbytenepal.com/samsung-galaxy-a03s-price-nepal/
25999,8MP,50MP,5000,Android,64,4,8,6.6,1080x2408,samsung,Galaxy A23 (4+64GB),Galaxy A23,https://www.gadgetbytenepal.com/samsung-galaxy-a23-price-nepal/
29999,8MP,50MP,5000,Android,128,6,8,6.6,1080x2408,samsung,Galaxy A23 (6+128GB),Galaxy A23,https://www.gadgetbytenepal.com/samsung-galaxy-a23-price-nepal/
124999,10MP,50MP,3700,Android,256,8,8,6.1,1080x2340,samsung,Galaxy S22 (8+256GB),Galaxy S22,https://www.gadgetbytenepal.com/samsung-galaxy-s22-plus-price-nepal/
137999,10MP,50MP,4500,Android,256,8,8,6.6,1080x2340,samsung,Galaxy S22+ (8+256GB),Galaxy S22+,https://www.gadgetbytenepal.com/samsung-galaxy-s22-plus-price-nepal/
127999,12MP,50MP,3900,Android,256,8,8,6.1,1080x2340,samsung,Galaxy S23 (8+256GB),Galaxy S23,https://www.gadgetbytenepal.com/samsung-galaxy-s23-series-price-nepal/
151999,12MP,50MP,4700,Android,256,8,8,6.8,1080x2340,samsung,Galaxy S23+(8+256GB),Galaxy S23+,https://www.gadgetbytenepal.com/samsung-galaxy-s23-series-price-nepal/
191999,12MP,50MP,5000,Android,256,12,8,6.8,1440x3088,samsung,Galaxy S23 Ultra (12+256GB),Galaxy S23 Ultra,https://www.gadgetbytenepal.com/samsung-galaxy-s23-ultra-price-nepal/
209999,12MP,50MP,5000,Android,512,12,8,6.8,1440x3088,samsung,Galaxy S23 Ultra (12/512GB),Galaxy S23 Ultra,https://www.gadgetbytenepal.com/samsung-galaxy-s23-ultra-price-nepal/
169999,4MP,12MP,4400,Android,512,12,8,7.6,1768x2208,samsung,Galaxy Z Fold 3 (256GB),Galaxy Z Fold 3,https://www.gadgetbytenepal.com/samsung-galaxy-z-fold-3-price-nepal/
179999,4MP,12MP,4400,Android,512,12,8,7.6,1768x2208,samsung,Galaxy Z Fold 3 (512GB),Galaxy Z Fold 3,https://www.gadgetbytenepal.com/samsung-galaxy-z-fold-3-price-nepal/
144999,10MP,12MP,3700,Android,256,8,8,6.7,1080x2640,samsung,Galaxy Z Flip 4 (8+256GB),Galaxy Z Flip 4,https://www.gadgetbytenepal.com/samsung-galaxy-z-flip-4-price-nepal/
244999,50MP,4MP,4400,Android,256,12,8,7.6,1812x2176,samsung,Galaxy Z Fold 4 (12+256GB),Galaxy Z Fold 4,https://www.gadgetbytenepal.com/samsung-galaxy-z-fold-4-price-nepal/
87000,7MP,12MP,1821,IOS,128,4,6,4.7,750x1334,Apple,iPhone SE 2022 (128GB),iPhone SE 2022,https://www.gadgetbytenepal.com/iphone-se-2022-price-nepal/
131990,12MP,12MP,2227,IOS,256,4,6,5.4,1080x2340,Apple,iPhone 12 mini (256GB),iPhone 12 mini,https://www.gadgetbytenepal.com/iphone-12-mini-price-nepal/
120900,12MP,12MP,2815,IOS,64,4,6,6.1,1170x2532,Apple,iPhone 12 (64GB),iPhone 12,https://www.gadgetbytenepal.com/iphone-12-price-nepal/
128900,12MP,12MP,2815,IOS,128,4,6,6.1,1170x2532,Apple,iPhone 12 (128GB),iPhone 12,https://www.gadgetbytenepal.com/iphone-12-price-nepal/
144900,12MP,12MP,2815,IOS,256,4,6,6.1,1170x2532,Apple,iPhone 12 (256GB),iPhone 12,https://www.gadgetbytenepal.com/iphone-12-price-nepal/
156100,12MP,12MP,2915,IOS,128,6,6,6.1,1170x2532,Apple,iPhone 12 Pro (128GB),iPhone 12 Pro,https://www.gadgetbytenepal.com/iphone-12-pro-price-nepal/
172700,12MP,12MP,2915,IOS,256,6,6,6.1,1170x2532,Apple,iPhone 12 Pro (256GB),iPhone 12 Pro,https://www.gadgetbytenepal.com/iphone-12-pro-price-nepal/
171000,12MP,12MP,3687,IOS,128,6,6,6.7,1284x2778,Apple,iPhone 12 Pro Max (128GB),iPhone 12 Pro Max,https://www.gadgetbytenepal.com/iphone-12-pro-max-price-nepal/
187600,12MP,12MP,3687,IOS,256,6,6,6.7,1284x2778,Apple,iPhone 12 Pro Max (256GB),iPhone 12 Pro Max,https://www.gadgetbytenepal.com/iphone-12-pro-max-price-nepal/
122990,12MP,12MP,2438,IOS,128,4,6,5.4,1080x2340,Apple,iPhone 13 mini (128GB),iPhone 13 mini,https://www.gadgetbytenepal.com/iphone-13-mini-price-nepal/
139990,12MP,12MP,2438,IOS,256,4,6,5.4,1080x2340,Apple,iPhone 13 mini�(256GB),iPhone 13 mini,https://www.gadgetbytenepal.com/iphone-13-mini-price-nepal/
171990,12MP,12MP,2438,IOS,512,4,6,5.4,1080x2340,Apple,iPhone 13 mini�(512GB),iPhone 13 mini,https://www.gadgetbytenepal.com/iphone-13-mini-price-nepal/
139990,12MP,12MP,3240,IOS,128,4,6,6.1,1170x2532,Apple,iPhone 13 (128GB),iPhone 13,https://www.gadgetbytenepal.com/iphone-13-price-nepal/
156990,12MP,12MP,3240,IOS,256,4,6,6.1,1170x2532,Apple,iPhone 13 (256GB),iPhone 13,https://www.gadgetbytenepal.com/iphone-13-price-nepal/
191990,12MP,12MP,3240,IOS,512,4,6,6.1,1170x2532,Apple,iPhone 13 (512GB),iPhone 13,https://www.gadgetbytenepal.com/iphone-13-price-nepal/
174990,12MP,12MP,3095,IOS,128,6,6,6.1,1170x2532,Apple,iPhone 13 Pro (128GB),iPhone 13 Pro,https://www.gadgetbytenepal.com/iphone-13-pro-price-nepal/
191490,12MP,12MP,3095,IOS,256,6,6,6.1,1170x2532,Apple,iPhone 13 Pro (256GB),iPhone 13 Pro,https://www.gadgetbytenepal.com/iphone-13-pro-price-nepal/
225990,12MP,12MP,3095,IOS,512,6,6,6.1,1170x2532,Apple,iPhone 13 Pro (512GB),iPhone 13 Pro,https://www.gadgetbytenepal.com/iphone-13-pro-price-nepal/
260990,12MP,12MP,3095,IOS,1000,6,6,6.1,1170x2532,Apple,iPhone 13 Pro (1TB),iPhone 13 Pro,https://www.gadgetbytenepal.com/iphone-13-pro-price-nepal/
154990,12MP,12MP,3279,IOS,128,6,6,6.1,1170x2532,Apple,iPhone 14 (128GB),iPhone 14,https://www.gadgetbytenepal.com/iphone-14-price-nepal/
173990,12MP,12MP,3279,IOS,256,6,6,6.1,1170x2532,Apple,iPhone 14 (256GB),iPhone 14,https://www.gadgetbytenepal.com/iphone-14-price-nepal/
209990,12MP,12MP,3279,IOS,512,6,6,6.1,1170x2532,Apple,iPhone 14 (512GB),iPhone 14,https://www.gadgetbytenepal.com/iphone-14-price-nepal/
173990,12MP,12MP,4323,IOS,128,6,6,6.7,1284x2778,Apple,iPhone 14 Plus (128GB),iPhone 14 Plus,https://www.gadgetbytenepal.com/iphone-14-plus-price-nepal/
192990,12MP,12MP,4323,IOS,256,6,6,6.7,1284x2778,Apple,iPhone 14 Plus (256GB),iPhone 14 Plus,https://www.gadgetbytenepal.com/iphone-14-plus-price-nepal/
229990,12MP,12MP,4323,IOS,512,6,6,6.7,1284x2778,Apple,iPhone 14 Plus (512GB),iPhone 14 Plus,https://www.gadgetbytenepal.com/iphone-14-plus-price-nepal/
187990,12MP,48MP,3200,IOS,128,8,6,6.1,1179x2556,Apple,iPhone 14 Pro (128GB),iPhone 14 Pro,https://www.gadgetbytenepal.com/iphone-14-pro-max-price-nepal/
207990,12MP,48MP,3200,IOS,256,8,6,6.1,1179x2556,Apple,iPhone 14 Pro (256GB),iPhone 14 Pro,https://www.gadgetbytenepal.com/iphone-14-pro-max-price-nepal/
246990,12MP,48MP,3200,IOS,512,8,6,6.1,1179x2556,Apple,iPhone 14 Pro (512GB),iPhone 14 Pro,https://www.gadgetbytenepal.com/iphone-14-pro-max-price-nepal/
284990,12MP,48MP,3200,IOS,1000,8,6,6.1,1179x2556,Apple,iPhone 14 Pro (1TB),iPhone 14 Pro,https://www.gadgetbytenepal.com/iphone-14-pro-max-price-nepal/
207990,12MP,48MP,4323,IOS,128,8,6,6.7,1290x2796,Apple,iPhone 14 Pro Max (128GB),iPhone 14 Pro Max,https://www.gadgetbytenepal.com/iphone-14-pro-max-price-nepal/
226990,12MP,48MP,4323,IOS,256,8,6,6.7,1290x2796,Apple,iPhone 14 Pro Max (256GB),iPhone 14 Pro Max,https://www.gadgetbytenepal.com/iphone-14-pro-max-price-nepal/
265990,12MP,48MP,4323,IOS,512,8,6,6.7,1290x2796,Apple,iPhone 14 Pro Max (512GB),iPhone 14 Pro Max,https://www.gadgetbytenepal.com/iphone-14-pro-max-price-nepal/
304990,12MP,48MP,4323,IOS,1000,8,6,6.7,1290x2796,Apple,iPhone 14 Pro Max (1TB),iPhone 14 Pro Max,https://www.gadgetbytenepal.com/iphone-14-pro-max-price-nepal/
33999,16MP,108MP,5020,Android,128,6,8,6.67,1080x2400,xiaomi,Redmi Note 10 Pro (6+128GB),Redmi Note 10 Pro,https://www.gadgetbytenepal.com/redmi-note-10-pro-max-price-nepal/
30999,16MP,108MP,5000,Android,128,6,8,6.43,1080x2400,xiaomi,Redmi Note 11S (6+128GB),Redmi Note 11S,https://www.gadgetbytenepal.com/redmi-note-11s-price-nepal/
32999,16MP,108MP,5000,Android,128,8,8,6.43,1080x2400,xiaomi,Redmi Note 11S (8+128GB),Redmi Note 11S,https://www.gadgetbytenepal.com/redmi-note-11s-price-nepal/
14999,5MP,13MP,5000,Android,64,4,8,6.53,720x1600,poco,Xiaomi 12X (8+256GB),Poco C31,https://www.gadgetbytenepal.com/xiaomi-12x-price-nepal/
23999,8MP,48MP,5000,Android,64,4,8,6.5,1080x2400,poco,Poco M3 Pro (4+64GB),Poco M3 Pro,https://www.gadgetbytenepal.com/poco-m3-pro-5g-price-nepal/
20499,5MP,50MP,5000,Android,64,4,8,6.1,1080x2400,poco,Poco M5 (4+64GB),Poco M5,https://www.gadgetbytenepal.com/poco-m5-price-nepal/
23999,5MP,50MP,5000,Android,128,6,8,6.58,1080x2400,poco,Poco M5 (6+128GB),Poco M5,https://www.gadgetbytenepal.com/poco-m5-price-nepal/
46999,20MP,48MP,4520,Android,128,6,8,6.67,1080x2400,poco,Poco F3 (6+128GB),Poco F3,https://www.gadgetbytenepal.com/poco-f3-price-nepal/
51999,20MP,48MP,4520,Android,256,8,8,6.67,1080x2400,poco,Poco F3 (8+256GB),Poco F3,https://www.gadgetbytenepal.com/poco-f3-price-nepal/
51999,16MP,64MP,5065,Android,256,8,8,6.67,1080x2400,poco,Poco F3 GT (8+256GB),Poco F3 GT,https://www.gadgetbytenepal.com/poco-f3-gt-price-nepal/
13499,5MP,13MP,5000,Android,32,2,8,6.5,720x1560,realme,Realme C11 2021 (2+32GB),Realme C11 2021,https://www.gadgetbytenepal.com/realme-c11-2021-price-nepal/
15799,5MP,13MP,5000,Android,64,4,8,6.5,720x1560,realme,Realme C11 2021 (4+64GB),Realme C11 2021,https://www.gadgetbytenepal.com/realme-c11-2021-price-nepal/
17799,8MP,13MP,6000,Android,64,4,8,6.5,720x1600,realme,Realme C31 (4+64GB),Realme C31,https://www.gadgetbytenepal.com/realme-c31-price-nepal/
21299,8MP,50MP,5000,Android,64,4,8,6.6,1080x2408,realme,Realme C35 (4+64GB),Realme C35,https://www.gadgetbytenepal.com/realme-c35-price-nepal/
22799,8MP,50MP,5000,Android,128,4,8,6.6,1080x2408,realme,Realme C35 (4+128GB),Realme C35,https://www.gadgetbytenepal.com/realme-c35-price-nepal/
24999,8MP,50MP,5000,Android,128,6,8,6.6,1080x2408,realme,Realme C35 (6+128GB),Realme C35,https://www.gadgetbytenepal.com/realme-c35-price-nepal/
13499,5MP,8MP,5000,Android,32,2,8,6.5,720x1600,realme,Realme Narzo 50i (2+32GB),Realme Narzo 50i,https://www.gadgetbytenepal.com/realme-narzo-50i-price-nepal/
15799,5MP,8MP,5000,Android,64,4,8,6.5,720x1600,realme,Realme Narzo 50i (4+64GB),Realme Narzo 50i,https://www.gadgetbytenepal.com/realme-narzo-50i-price-nepal/
20299,8MP,50MP,5000,Android,64,4,8,6.6,1080x2400,realme,Realme Narzo 50A Prime (4+64GB),Realme Narzo 50A Prime,https://www.gadgetbytenepal.com/realme-narzo-50a-prime-price-nepal/
21799,8MP,50MP,5000,Android,128,4,8,6.6,1080x2400,realme,Realme Narzo 50A Prime (4+128GB),Realme Narzo 50A Prime,https://www.gadgetbytenepal.com/realme-narzo-50a-prime-price-nepal/
31999,16MP,108MP,5000,Android,128,6,8,6.6,1080x2400,realme,Realme 9 (6+128GB),Realme 9,https://www.gadgetbytenepal.com/realme-9-price-nepal/
33999,16MP,108MP,5000,Android,128,8,8,6.6,1080x2400,realme,Realme 9 (8+128GB),Realme 9,https://www.gadgetbytenepal.com/realme-9-price-nepal/
77999,16MP,64MP,4500,Android,256,12,8,6.43,1080x2400,realme,Realme GT Neo 3 (12+256GB),Realme GT Neo 3,https://www.gadgetbytenepal.com/realme-gt-neo-3-price-nepal/
109999,32MP,50MP,5000,Android,256,12,8,6.78,1440x3216,realme,Realme GT 2 Pro (12+256GB),Realme GT 2 Pro,https://www.gadgetbytenepal.com/realme-gt-2-pro-price-nepal/
23499,8MP,50MP,5000,Android,64,4,8,6.56,720x1612,oneplus,One Plus N20 SE (4+64GB),One Plus N20 SE,https://www.gadgetbytenepal.com/oneplus-nord-n20-se-price-nepal/
64999,32MP,50MP,4500,Android,128,8,8,6.43,1080x2400,oneplus,OnePlus Nord 2T (8+128GB),OnePlus Nord 2T,https://www.gadgetbytenepal.com/oneplus-nord-2t-price-nepal/
74999,32MP,50MP,4500,Android,256,12,8,6.43,1080x2400,oneplus,OnePlus Nord 2T (12+256GB),OnePlus Nord 2T,https://www.gadgetbytenepal.com/oneplus-nord-2t-price-nepal/
119990,16MP,48MP,4500,Android,256,8,8,6.7,1440x3216,oneplus,OnePlus 9 Pro (8+256GB),OnePlus 9 Pro,https://www.gadgetbytenepal.com/oneplus-9-pro-price-nepal/
129999,16MP,48MP,4500,Android,256,12,8,6.7,1440x3216,oneplus,OnePlus 9 Pro (12+256GB),OnePlus 9 Pro,https://www.gadgetbytenepal.com/oneplus-9-pro-price-nepal/
95000,16MP,50MP,4800,Android,128,8,8,6.7,1440x3216,oneplus,OnePlus 10T (8+128GB),OnePlus 10T,https://www.gadgetbytenepal.com/oneplus-10t-price-nepal/
115000,16MP,50MP,4800,Android,256,16,8,6.7,1440x3216,oneplus,OnePlus 10T (16+256GB),OnePlus 10T,https://www.gadgetbytenepal.com/oneplus-10t-price-nepal/
129999,16MP,50MP,5000,Android,128,8,8,6.7,1440x3216,oneplus,OnePlus 11 (8+128GB),OnePlus 11,https://www.gadgetbytenepal.com/oneplus-11-price-nepal/
134999,16MP,50MP,5000,Android,256,12,8,6.7,1440x3216,oneplus,OnePlus 11 (12+256GB),OnePlus 11,https://www.gadgetbytenepal.com/oneplus-11-price-nepal/
19990,8MP,13MP,5000,Android,64,3,8,6.51,720x1600,vivo,Vivo Y20 (3+64GB),Vivo Y20,https://www.gadgetbytenepal.com/vivo-y20-price-nepal/
20999,8MP,13MP,5000,Android,64,4,8,6.51,720x1600,vivo,Vivo Y20  (4+64GB),Vivo Y20,https://www.gadgetbytenepal.com/vivo-y20-price-nepal/
18590,5MP,13MP,4230,Android,32,3,8,6.52,720x1600,oppo,Oppo A15 (3+32GB),Oppo A15,https://www.gadgetbytenepal.com/oppo-a15-price-nepal/
15990,5MP,13MP,4230,Android,32,3,8,6.52,720x1600,oppo,Oppo A16k (3+32GB),Oppo A16k,https://www.gadgetbytenepal.com/oppo-a16k-price-nepal/
17490,5MP,13MP,4230,Android,64,4,8,6.52,720x1600,oppo,Oppo A16k (4+64GB),Oppo A16k,https://www.gadgetbytenepal.com/oppo-a16k-price-nepal/
25990,16MP,13MP,5000,Android,128,4,8,6.51,720x1600,oppo,Oppo A54 (4+128GB),Oppo A54,https://www.gadgetbytenepal.com/oppo-a54-price-nepal/
42999,32MP,64MP,4500,Android,128,8,8,6.53,720x1600,oppo,Oppo F21 Pro (8+128GB),Oppo F21 Pro,https://www.gadgetbytenepal.com/oppo-f21-pro-5g-price-nepal/
14999,5MP,13MP,5000,Android,32,3,8,6.5,720x1600,samsung,Galaxy A04,Galaxy A04,https://www.gadgetbytenepal.com/samsung-galaxy-a04-price-nepal/
16999,5MP,13MP,5000,Android,64,4,8,6.5,720x1600,samsung,Galaxy A04,Galaxy A04,https://www.gadgetbytenepal.com/samsung-galaxy-a04-price-nepal/
19999,5MP,13MP,5000,Android,32,3,8,6.5,720x1600,samsung,Galaxy A04,Galaxy A04s,https://www.gadgetbytenepal.com/samsung-galaxy-a04s-price-nepal/
21999,5MP,13MP,5000,Android,128,4,8,6.5,720x1600,samsung,Galaxy A04,Galaxy A04s,https://www.gadgetbytenepal.com/samsung-galaxy-a04s-price-nepal/
89999,10MP,12MP,3300,Android,128,8,8,6.7,1080x2640,samsung,,Galaxy Z Flip 3,
179999,40MP,108MP,5000,Android,128,8,8,6.8,1440x3200,samsung,,Galaxy S22 Ultra,
75999,16MP,16MP,4015,Android,256,8,4,6.7,1080x2400,samsung,,Galaxy A73 5G,
57499,16MP,13MP,5000,Android,128,8,8,6.5,720x1600,samsung,,Galaxy A53 5G,
42999,13MP,48MP,5000,Android,128,8,8,6.4,720x1600,samsung,,Galaxy A33 5G,
35999,8MP, 50MP,6000,Android,128,8,8,6.6,1080x2408,samsung,,Galaxy M33 5G,
20999,13MP,48MP,6000,Android,64,4,8,6.4,720x1600,samsung,,Galaxy F22,
24499,13MP,48MP,6000,Android,128,6,8,6.4,720x1600,samsung,,Galaxy F22,
25499,8MP,50MP,5000,Android,128,6,8,6.6,1080x2408,samsung,,Galaxy A13,
21499,8MP,50MP,5000,Android,64,4,8,6.6,1080x2408,samsung,,Galaxy A13,
23999,8MP,50MP,6000,Android,128,4,8,6.6,1080x2408,samsung,,Galaxy F13,
191990,12MP,12MP,4352,IOS,128,6,6,6.7,1284x2778,Apple,iPhone 13 Pro (1TB),iPhone 13 Pro Max,https://www.gadgetbytenepal.com/iphone-13-pro-price-nepal/
208990,12MP,12MP,4352,IOS,256,6,6,6.7,1284x2778,Apple,iPhone 13 Pro (1TB),iPhone 13 Pro Max,https://www.gadgetbytenepal.com/iphone-13-pro-price-nepal/
242990,12MP,12MP,4352,IOS,512,6,6,6.7,1284x2778,Apple,iPhone 13 Pro (1TB),iPhone 13 Pro Max,https://www.gadgetbytenepal.com/iphone-13-pro-price-nepal/
277990,12MP,12MP,4352,IOS,1000,6,6,6.7,1284x2778,Apple,iPhone 13 Pro (1TB),iPhone 13 Pro Max,https://www.gadgetbytenepal.com/iphone-13-pro-price-nepal/
89990,12MP,12MP,3110,IOS,128,4,6,6.1,828x1792,Apple,iPhone 13 Pro (1TB),iPhone 11,https://www.gadgetbytenepal.com/iphone-13-pro-price-nepal/
11999,5MP,8MP,5000,Android,32,2,4,6.52,720x1600,xiaomi,Redmi Note 10 Pro (6+128GB),Redmi A1,https://www.gadgetbytenepal.com/redmi-note-10-pro-max-price-nepal/
12499,5MP,8MP,5000,Android,32,2,4,6.52,720x1600,xiaomi,Redmi Note 10 Pro (6+128GB),Redmi A1+,https://www.gadgetbytenepal.com/redmi-note-10-pro-max-price-nepal/
13999,5MP,8MP,5000,Android,32,3,4,6.52,720x1600,xiaomi,Redmi Note 10 Pro (6+128GB),Redmi A1+,https://www.gadgetbytenepal.com/redmi-note-10-pro-max-price-nepal/
12999,5MP,13MP,5000,Android,32,2,8,6.53,720x1600,xiaomi,Redmi Note 10 Pro (6+128GB),Redmi 9A,https://www.gadgetbytenepal.com/redmi-note-10-pro-max-price-nepal/
13999,5MP,13MP,5000,Android,32,3,8,6.53,720x1600,xiaomi,Redmi Note 10 Pro (6+128GB),Redmi 9A,https://www.gadgetbytenepal.com/redmi-note-10-pro-max-price-nepal/
15999,5MP,13MP,5000,Android,64,3,8,6.53,720x1600,xiaomi,Redmi Note 10 Pro (6+128GB),Redmi 9C,https://www.gadgetbytenepal.com/redmi-note-10-pro-max-price-nepal/
17999,5MP,13MP,5000,Android,128,4,8,6.53,720x1600,xiaomi,Redmi Note 10 Pro (6+128GB),Redmi 9C,https://www.gadgetbytenepal.com/redmi-note-10-pro-max-price-nepal/
13999,5MP,13MP,5000,Android,64,3,8,6.53,720x1600,xiaomi,Redmi Note 10 Pro (6+128GB),Redmi 10A,https://www.gadgetbytenepal.com/redmi-note-10-pro-max-price-nepal/
15999,5MP,13MP,5000,Android,32,2,8,6.53,720x1600,xiaomi,Redmi Note 10 Pro (6+128GB),Redmi 10A,https://www.gadgetbytenepal.com/redmi-note-10-pro-max-price-nepal/
17999,5MP,13MP,5000,Android,64,3,8,6.53,720x1600,xiaomi,Redmi Note 10 Pro (6+128GB),Redmi 10A,https://www.gadgetbytenepal.com/redmi-note-10-pro-max-price-nepal/
18999,5MP,50MP,5000,Android,128,4,8,6.71,720x1650,xiaomi,Redmi Note 10 Pro (6+128GB),Redmi 10C,https://www.gadgetbytenepal.com/redmi-note-10-pro-max-price-nepal/
18999,8MP,50MP,5000,Android,64,4,8,6.5,1080x2400,xiaomi,Redmi Note 10 Pro (6+128GB),Redmi 10,https://www.gadgetbytenepal.com/redmi-note-10-pro-max-price-nepal/
21999,8MP,50MP,5000,Android,128,8,8,6.5,1080x2400,xiaomi,Redmi Note 10 Pro (6+128GB),Redmi 10,https://www.gadgetbytenepal.com/redmi-note-10-pro-max-price-nepal/
20499,8MP,50MP,5000,Android,64,4,8,6.5,1080x2400,xiaomi,Redmi Note 10 Pro (6+128GB),Redmi 10 Prime,https://www.gadgetbytenepal.com/redmi-note-10-pro-max-price-nepal/
23999,8MP,50MP,5000,Android,128,6,8,6.5,1080x2400,xiaomi,Redmi Note 10 Pro (6+128GB),Redmi 10 Prime,https://www.gadgetbytenepal.com/redmi-note-10-pro-max-price-nepal/
23999,13MP,50MP,5000,Android,64,4,8,6.43,1080x2400,xiaomi,Redmi Note 10 Pro (6+128GB),Redmi Note 11,https://www.gadgetbytenepal.com/redmi-note-10-pro-max-price-nepal/
24999,13MP,50MP,5000,Android,128,4,8,6.43,1080x2400,xiaomi,Redmi Note 10 Pro (6+128GB),Redmi Note 11,https://www.gadgetbytenepal.com/redmi-note-10-pro-max-price-nepal/
27999,13MP,50MP,5000,Android,128,6,8,6.43,1080x2400,xiaomi,Redmi Note 10 Pro (6+128GB),Redmi Note 11,https://www.gadgetbytenepal.com/redmi-note-10-pro-max-price-nepal/
34999,16MP,108MP,5000,Android,128,6,8,6.7,1080x2400,xiaomi,Redmi Note 10 Pro (6+128GB),Redmi Note 11 Pro,https://www.gadgetbytenepal.com/redmi-note-10-pro-max-price-nepal/
36999,16MP,108MP,5000,Android,128,8,8,6.7,1080x2400,xiaomi,Redmi Note 10 Pro (6+128GB),Redmi Note 11 Pro,https://www.gadgetbytenepal.com/redmi-note-10-pro-max-price-nepal/
38499,16MP,108MP,5000,Android,128,6,8,6.7,1080x2400,xiaomi,Redmi Note 10 Pro (6+128GB),Redmi Note 11  Pro 5G,https://www.gadgetbytenepal.com/redmi-note-10-pro-max-price-nepal/
41499,16MP,108MP,5000,Android,128,8,8,6.7,1080x2400,xiaomi,Redmi Note 10 Pro (6+128GB),Redmi Note 11 Pro 5G,https://www.gadgetbytenepal.com/redmi-note-10-pro-max-price-nepal/
50999,32MP,108MP,4300,Android,128,6,8,6.55,1080x2400,xiaomi,Redmi Note 10 Pro (6+128GB),Xiaomi 12 Lite,https://www.gadgetbytenepal.com/redmi-note-10-pro-max-price-nepal/
53999,32MP,108MP,4300,Android,128,8,8,6.55,1080x2400,xiaomi,Redmi Note 10 Pro (6+128GB),Xiaomi 12 Lite,https://www.gadgetbytenepal.com/redmi-note-10-pro-max-price-nepal/
87999,32MP,50MP,4500,Android,256,8,8,6.28,1080x2400,xiaomi,Redmi Note 10 Pro (6+128GB),Xiaomi 12,https://www.gadgetbytenepal.com/redmi-note-10-pro-max-price-nepal/
13499,5MP,8MP,5000,Android,32,2,8,6.5,720x1600,realme,Realme C35 (4+64GB),Realme C30,https://www.gadgetbytenepal.com/realme-c35-price-nepal/
14499,5MP,8MP,5000,Android,32,3,8,6.5,720x1600,realme,Realme C35 (4+64GB),Realme C30,https://www.gadgetbytenepal.com/realme-c35-price-nepal/
15999,5MP,8MP,5000,Android,64,4,8,6.5,720x1600,realme,Realme C35 (4+64GB),Realme C30,https://www.gadgetbytenepal.com/realme-c35-price-nepal/
13499,5MP,8MP,5000,Android,32,2,8,6.5,720x1600,realme,Realme C35 (4+64GB),Realme C30s,https://www.gadgetbytenepal.com/realme-c35-price-nepal/
15999,5MP,8MP,5000,Android,64,4,8,6.5,720x1600,realme,Realme C35 (4+64GB),Realme C30s,https://www.gadgetbytenepal.com/realme-c35-price-nepal/
15499,5MP,50MP,5000,Android,32,3,8,6.5,720x1600,realme,Realme C35 (4+64GB),Realme C33,https://www.gadgetbytenepal.com/realme-c35-price-nepal/
18499,5MP,50MP,5000,Android,64,4,8,6.5,720x1600,realme,Realme C35 (4+64GB),Realme C33,https://www.gadgetbytenepal.com/realme-c35-price-nepal/
14499,5MP,8MP,5000,Android,32,3,8,6.5,720x1600,realme,Realme C35 (4+64GB),Realme Narzo 50i Prime,https://www.gadgetbytenepal.com/realme-c35-price-nepal/
15999,5MP,8MP,5000,Android,64,4,8,6.5,720x1600,realme,Realme C35 (4+64GB),Realme Narzo 50i Prime,https://www.gadgetbytenepal.com/realme-c35-price-nepal/
21199,8MP,50MP,6000,Android,128,4,8,6.5,720x1600,realme,Realme C35 (4+64GB),Realme Narzo 50A,https://www.gadgetbytenepal.com/realme-c35-price-nepal/
20299,8MP,50MP,6000,Android,64,4,8,6.5,720x1600,realme,Realme C35 (4+64GB),Realme Narzo 50A,https://www.gadgetbytenepal.com/realme-c35-price-nepal/
23999,16MP,50MP,5000,Android,64,4,8,6.6,1080x2412,realme,Realme C35 (4+64GB),Realme Narzo 50,https://www.gadgetbytenepal.com/realme-c35-price-nepal/
27499,16MP,50MP,5000,Android,128,6,8,6.6,1080x2412,realme,Realme C35 (4+64GB),Realme Narzo 50,https://www.gadgetbytenepal.com/realme-c35-price-nepal/
24499,16MP,50MP,5000,Android,64,4,8,6.6,1080x2412,realme,Realme C35 (4+64GB),Realme 9i,https://www.gadgetbytenepal.com/realme-c35-price-nepal/
27999,16MP,50MP,5000,Android,128,6,8,6.6,1080x2412,realme,Realme C35 (4+64GB),Realme 9i,https://www.gadgetbytenepal.com/realme-c35-price-nepal/
29999,8MP,50MP,5000,Android,128,6,8,6.6,1080x2408,realme,Realme C35 (4+64GB),Realme 9i 5G,https://www.gadgetbytenepal.com/realme-c35-price-nepal/
38999,16MP,64MP,5000,Android,128,8,8,6.6,1080x2412,realme,Realme C35 (4+64GB),Realme 9 Pro,https://www.gadgetbytenepal.com/realme-c35-price-nepal/
42999,16MP,64MP,5000,Android,128,6,8,6.6,1080x2412,realme,Realme C35 (4+64GB),Realme 9 Pro+,https://www.gadgetbytenepal.com/realme-c35-price-nepal/
45999,16MP,64MP,5000,Android,128,8,8,6.6,1080x2412,realme,Realme C35 (4+64GB),Realme 9 Pro+,https://www.gadgetbytenepal.com/realme-c35-price-nepal/
45999,16MP,108MP,5000,Android,128,8,8,6.7,1080x2412,realme,Realme C35 (4+64GB),Realme 10 Pro+,https://www.gadgetbytenepal.com/realme-c35-price-nepal/
40999,16MP,64MP,5000,Android,128,8,8,6.59,1080x2412,oneplus,OnePlus 9 Pro (12+256GB),OnePlus Nord CE 2 Lite,https://www.gadgetbytenepal.com/oneplus-9-pro-price-nepal/
44999,16MP,64MP,4500,Android,128,8,8,6.43, 1080x2400,oneplus,OnePlus 9 Pro (12+256GB),OnePlus Nord CE ,https://www.gadgetbytenepal.com/oneplus-9-pro-price-nepal/
51499,16MP,64MP,4500,Android,256,12,8,6.43,1080x2400,oneplus,OnePlus 9 Pro (12+256GB),OnePlus Nord CE ,https://www.gadgetbytenepal.com/oneplus-9-pro-price-nepal/
48999,16MP,64MP,4500,Android,128,8,8,6.43,1080x2400,oneplus,OnePlus 9 Pro (12+256GB),OnePlus Nord CE 2,https://www.gadgetbytenepal.com/oneplus-9-pro-price-nepal/
59999,32MP,50MP,4500,Android,128,8,8,6.43,1080x2400,oneplus,OnePlus 9 Pro (12+256GB),OnePlus Nord 2,https://www.gadgetbytenepal.com/oneplus-9-pro-price-nepal/
69999,32MP,50MP,4500,Android,256,12,8,6.43,1080x2400,oneplus,OnePlus 9 Pro (12+256GB),OnePlus Nord 2,https://www.gadgetbytenepal.com/oneplus-9-pro-price-nepal/
78999,16MP,48MP,4500,Android,128,8,8,6.55,1080x2400,oneplus,OnePlus 9 Pro (12+256GB),OnePlus 8T,https://www.gadgetbytenepal.com/oneplus-9-pro-price-nepal/
85999,16MP,48MP,4500,Android,256,12,8,6.55,1080x2400,oneplus,OnePlus 9 Pro (12+256GB),OnePlus 8T,https://www.gadgetbytenepal.com/oneplus-9-pro-price-nepal/
104990,16MP,50MP,4500,Android,256,12,8,6.55,1080x2400,oneplus,OnePlus 9 Pro (12+256GB),OnePlus 9 ,https://www.gadgetbytenepal.com/oneplus-9-pro-price-nepal/
134999,32MP,50MP,5000,Android,256,12,8,6.7,1440x3216,oneplus,OnePlus 9 Pro (12+256GB),OnePlus 10 Pro,https://www.gadgetbytenepal.com/oneplus-9-pro-price-nepal/
13999,5MP,13MP,5000,Android,32,2,8,6.51,720x1600,vivo,Vivo Y20 (3+64GB),Vivo Y01,https://www.gadgetbytenepal.com/vivo-y20-price-nepal/
12499,5MP,8MP,5000,Android,32,2,8,6.51,720x1600,vivo,Vivo Y20 (3+64GB),Vivo Y02,https://www.gadgetbytenepal.com/vivo-y20-price-nepal/
13599,5MP,13MP,4030,Android,32,2,8,6.22,720x1520,vivo,Vivo Y20 (3+64GB),Vivo Y1s,https://www.gadgetbytenepal.com/vivo-y20-price-nepal/
14999,5MP,13MP,4030,Android,32,3,8,6.22,720x1520,vivo,Vivo Y20 (3+64GB),Vivo Y1s,https://www.gadgetbytenepal.com/vivo-y20-price-nepal/
17999,8MP,13MP,5000,Android,32,3,8,6.51,720x1600,vivo,Vivo Y20 (3+64GB),Vivo Y12s,https://www.gadgetbytenepal.com/vivo-y20-price-nepal/
14999,8MP,13MP,5000,Android,32,3,8,6.51,720x1600,vivo,Vivo Y20 (3+64GB),Vivo Y15c,https://www.gadgetbytenepal.com/vivo-y20-price-nepal/
19999,8MP,13MP,5000,Android,64,3,8,6.51,720x1600,vivo,Vivo Y20 (3+64GB),Vivo Y15s,https://www.gadgetbytenepal.com/vivo-y20-price-nepal/
19990,8MP,13MP,5000,Android,64,3,8,6.51,720x1600,vivo,Vivo Y20 (3+64GB),Vivo Y20,https://www.gadgetbytenepal.com/vivo-y20-price-nepal/
20999,8MP,13MP,5000,Android,64,4,8,6.51,720x1600,vivo,Vivo Y20 (3+64GB),Vivo Y20,https://www.gadgetbytenepal.com/vivo-y20-price-nepal/
23499,8MP,13MP,5000,Android,128,4,8,6.51,720x1600,vivo,Vivo Y20 (3+64GB),Vivo Y20s,https://www.gadgetbytenepal.com/vivo-y20-price-nepal/
22999,8MP,13MP,5000,Android,64,4,8,6.51,720x1600,vivo,Vivo Y20 (3+64GB),Vivo Y21,https://www.gadgetbytenepal.com/vivo-y20-price-nepal/
22999,8MP,50MP,5000,Android,64,4,8,6.55,720x1612,vivo,Vivo Y20 (3+64GB),Vivo Y22,https://www.gadgetbytenepal.com/vivo-y20-price-nepal/
29999,16MP,50MP,5000,Android,128,8,8,6.58,1080x2408,vivo,Vivo Y20 (3+64GB),Vivo Y33s,https://www.gadgetbytenepal.com/vivo-y20-price-nepal/
30999,8MP,64MP,5000,Android,128,8,8,6.58,1080x2408,vivo,Vivo Y20 (3+64GB),Vivo Y53s,https://www.gadgetbytenepal.com/vivo-y20-price-nepal/
33999,8MP,50MP,5000,Android,128,8,8,6.58,1080x2408,vivo,Vivo Y20 (3+64GB),Vivo Y55,https://www.gadgetbytenepal.com/vivo-y20-price-nepal/
37999,44MP,64MP,4000,Android,128,8,8,6.44,1080x2400,vivo,Vivo Y20 (3+64GB),Vivo V21e,https://www.gadgetbytenepal.com/vivo-y20-price-nepal/
36999,50MP,64MP,4050,Android,128,8,8,6.44,1080x2400,vivo,Vivo Y20 (3+64GB),Vivo V23e,https://www.gadgetbytenepal.com/vivo-y20-price-nepal/
41999,50MP,64MP,4050,Android,256,8,8,6.44,1080x2400,vivo,Vivo Y20 (3+64GB),Vivo V23e,https://www.gadgetbytenepal.com/vivo-y20-price-nepal/
42999,32MP,64MP,4500,Android,128,8,8,6.44,1080x2400,vivo,Vivo Y20 (3+64GB),Vivo V25e,https://www.gadgetbytenepal.com/vivo-y20-price-nepal/
55999,50MP,64MP,4200,Android,128,8,8,6.44,1080x2400,vivo,Vivo Y20 (3+64GB),Vivo V23 5G,https://www.gadgetbytenepal.com/vivo-y20-price-nepal/
52999,50MP,64MP,4500,Android,128,8,8,6.44,1080x2400,vivo,Vivo Y20 (3+64GB),Vivo V25 5G,https://www.gadgetbytenepal.com/vivo-y20-price-nepal/
